"","name","points_per_game","defensive_rating","assists_per_game","per","win_shares_per_48","bpm","vorp","rating_2k","scoring","defense","playmaking","efficiency","impact","bpm_norm","vorp_norm","final_rating_formula","predicted_rating_ridge"
"1","Nikola Jokic",26.4,107,9,32.1,0.301,8.5,7,98,90.4871794871795,79.8,96.0909090909091,99,99,99,99,92.8756177156177,98.7943601302017
"10","Stephen Curry",26.4,111,5.1,28.5,0.27,7.6,6.3,96,90.4871794871795,67,81.9090909090909,93.6666666666667,95.0478087649402,95.16,95.5538461538462,85.6221491655755,95.7605532175829
"22","Furkan Korkmaz",6.8,110,1.2,11.2,0.05,1,0.5,70,70.3846153846154,70.2,67.7272727272727,68.037037037037,67,67,67,68.669785029785,71.1387563932138
