"","feature","importance"
"6","win_shares_per_48",13.6785325432056
"8","vorp",-0.873125297019199
"5","per",0.484018453095067
"7","bpm",0.464988704888064
"2","points_per_game",0.405558794501195
"4","assists_per_game",0.399539214043521
"3","defensive_rating",-0.079534967882786
