"","feature","importance"
"6","win_shares_per_48",9.71540129339719
"8","vorp",1.36892696494408
"7","bpm",1.25420281883631
"5","per",0.161697870277691
"4","assists_per_game",0.142421123672212
"2","points_per_game",0.142402491678465
"3","defensive_rating",0.122989163802841
